s.no,BRAND_NAME,Rating,Orginal Prices,Discounted Prices,Percentage_Offer,Exchange_price,Votes
0,iFFALCON by TCL - 79.97 cm (32 inch) & HD Ready LED Smart Android TV ,4.2,"₹18,999","₹14,999",21% off,"Upto ₹11,000 Off on Exchange","25,008 Ratings & 3,580 Reviews"
1,SAMSUNG The Frame 2020 Series - 163 cm (65 inch) & QLED Ultra HD (4K) Smart TV,4.6,"₹2,22,900","₹1,29,990",41% off,"No Cost EMI from ₹5,417/month","3,960 Ratings & 615 Reviews"
3,Mi 4A PRO - 80 cm (32 inch) & HD Ready LED Smart Android TV,4.4,"₹19,999","₹16,999",15% off,Bank Offer,"6,29,297 Ratings & 64,776 Reviews"
4,LG - 80 cm (32 inch) & HD Ready LED Smart TV,4.4,"₹21,990","₹17,999",18% off,"No Cost EMI from ₹2,000/month","29,119 Ratings & 2,639 Reviews"
6,Mi 4X - 108 cm (43 inch) & Ultra HD (4K) LED Smart Android TV,4.3,"₹34,999","₹29,999",14% off,Bank Offer,"68,412 Ratings & 7,312 Reviews"
7,Mi 4A Horizon Edition - 100 cm (40 inch) & Full HD LED Smart Android TV,4.3,"₹29,999","₹24,999",16% off,Bank Offer,"8,679 Ratings & 815 Reviews"
8,Mi 4A Pro - 108 cm (43 inch) & Full HD LED Smart Android TV,4.4,"₹29,999","₹26,999",10% off,"Upto ₹11,000 Off on Exchange","6,29,297 Ratings & 64,776 Reviews"
9,Mi 4X - 125.7 cm (50 inch) & Ultra HD (4K) LED Smart Android TV,4.3,"₹41,999","₹38,999",7% off,Bank Offer,"68,412 Ratings & 7,312 Reviews"
10,Mi 4A - 100 cm (40 inch) & Full HD LED Smart Android TV,4.4,"₹24,999","₹23,999",4% off,Bank Offer,"6,29,297 Ratings & 64,776 Reviews"
11,Vu Premium - 108 cm (43 inch) & Full HD LED Smart Android TV,4.3,"₹40,000","₹26,999",32% off,"Upto ₹11,000 Off on Exchange","32,213 Ratings & 4,476 Reviews"
12,SAMSUNG - 80 cm (32 inch) & HD Ready LED Smart TV,4.3,"₹19,900","₹18,290",8% off,"No Cost EMI from ₹1,017/month","38,266 Ratings & 3,592 Reviews"
13,TOSHIBA L- 50 Series - 108 cm (43 inch) & Full HD LED Smart TV,4.3,"₹31,990","₹24,990",21% off,"No Cost EMI from ₹2,777/month",456 Ratings & 49 Reviews
14,Mi 5X - 125.7 cm (50 inch) & Ultra HD (4K) LED Smart Android TV,3.9,"₹59,999","₹41,999",30% off,Bank Offer,546 Ratings & 97 Reviews
15,iFFALCON by TCL - 126 cm (50 inch) & Ultra HD (4K) LED Smart Android TV,4.3,"₹58,990","₹33,999",42% off,"Upto ₹11,000 Off on Exchange","10,194 Ratings & 1,490 Reviews"
16,Mi 4A Horizon Edition - 80 cm (32 inch) & HD Ready LED Smart Android TV,4.3,"₹19,999","₹17,499",12% off,Bank Offer,"8,679 Ratings & 815 Reviews"
17,SAMSUNG - 108 cm (43 inch) & Full HD LED Smart TV,4.4,"₹38,900","₹32,990",15% off,"No Cost EMI from ₹1,833/month","3,482 Ratings & 387 Reviews"
18,OnePlus Y Series - 80 cm (32 inch) & HD Ready LED Smart Android TV,4.3,"₹19,999","₹18,999",5% off,Bank Offer,"36,694 Ratings & 3,420 Reviews"
19,Vu Premium - 108 cm (43 inch) & Ultra HD (4K) LED Smart Android TV,4.4,"₹39,999","₹32,999",17% off,"Upto ₹11,000 Off on Exchange","20,311 Ratings & 3,544 Reviews"
20,Mi 4X - 138.8 cm (55 inch) & Ultra HD (4K) LED Smart TV,4.3,"₹49,999","₹44,999",10% off,Bank Offer,"68,412 Ratings & 7,312 Reviews"
21,TCL C715 Series - 126 cm (50 inch) & QLED Ultra HD (4K) Smart Android TV ,4.4,"₹1,09,990","₹47,999",56% off,"Upto ₹11,000 Off on Exchange",211 Ratings & 34 Reviews
22,LG - 108 cm (43 inch) & Ultra HD (4K) LED Smart TV,4.3,"₹59,990","₹38,990",35% off,"No Cost EMI from ₹2,167/month",471 Ratings & 74 Reviews
23,realme - 80 cm (32 inch) & HD Ready LED Smart Android TV,4.3,"₹17,999","₹16,999",5% off,"Upto ₹11,000 Off on Exchange","1,38,860 Ratings & 16,762 Reviews"
24,Micromax Smart LED TV - 60 cm (24 inch) & HD Ready LED Smart TV,3.9,"₹13,490","₹12,499",7% off,"Upto ₹11,000 Off on Exchange",89 Ratings & 8 Reviews
25,LG - 108 cm (43 inch) & Full HD LED Smart TV,4.4,"₹40,990","₹33,990",17% off,"No Cost EMI from ₹1,889/month","5,969 Ratings & 525 Reviews"
26,SAMSUNG Crystal 4K - 108 cm (43 inch) & Ultra HD (4K) LED Smart TV,4.3,"₹52,900","₹38,990",26% off,Bank Offer,"1,729 Ratings & 235 Reviews"
27,SAMSUNG - 80 cm (32 inch) & HD Ready LED Smart TV,4.3,"₹19,900","₹18,290",8% off,"No Cost EMI from ₹1,017/month","38,266 Ratings & 3,592 Reviews"
28,TCL S65A Series - 79.97 cm (32 inch) & HD Ready LED Smart Android TV,4.2,"₹29,990","₹16,499",44% off,"Upto ₹11,000 Off on Exchange",268 Ratings & 30 Reviews
29,SAMSUNG - 108 cm (43 inch) & Full HD LED Smart TV,4.4,"₹38,900","₹32,990",15% off,"No Cost EMI from ₹1,833/month","3,482 Ratings & 387 Reviews"
30,Vu Premium - 139 cm (55 inch) & Ultra HD (4K) LED Smart Android TV,4.4,"₹75,000","₹43,999",41% off,"No Cost EMI from ₹7,334/month","20,311 Ratings & 3,544 Reviews"
31,TCL P715 - 126 cm (50 inch) & Ultra HD (4K) LED Smart Android TV,4.3,"₹89,990","₹34,999",61% off,"Upto ₹11,000 Off on Exchange",423 Ratings & 31 Reviews
32,KODAK 7XPRO Series - 80 cm (32 inch) & HD Ready LED Smart Android TV,4.4,"₹18,499","₹13,990",24% off,"Upto ₹11,000 Off on Exchange","17,794 Ratings & 4,547 Reviews"
33,KODAK 7XPRO Series - 106 cm (42 inch) & Full HD LED Smart Android TV,4.4,"₹27,999","₹21,499",23% off,"Upto ₹11,000 Off on Exchange","17,794 Ratings & 4,547 Reviews"
34,realme - 108 cm (43 inch) & Ultra HD (4K) LED Smart Android TV,4.2,"₹32,999","₹30,999",6% off,"Upto ₹11,000 Off on Exchange","5,781 Ratings & 762 Reviews"
35,iFFALCON by TCL - 79.97 cm (32 inch) & HD Ready LED Smart Android TV ,4.2,"₹18,999","₹14,999",21% off,"Upto ₹11,000 Off on Exchange","25,008 Ratings & 3,580 Reviews"
36,Hisense A71F - 126 cm (50 inch) & Ultra HD (4K) LED Smart Android TV,4.3,"₹43,990","₹35,999",18% off,"No Cost EMI from ₹4,000/month","6,136 Ratings & 1,226 Reviews"
37,realme - 108 cm (43 inch) & Full HD LED Smart Android TV,4.3,"₹27,999","₹26,999",3% off,"Upto ₹11,000 Off on Exchange","1,38,860 Ratings & 16,762 Reviews"
38,Hisense A6GE Series - 108 cm (43 inch) & Ultra HD (4K) LED Smart Android TV,4.8,"₹36,990","₹31,999",13% off,"No Cost EMI from ₹3,556/month",5 Ratings & 1 Reviews
39,SAMSUNG The Frame 2020 Series - 163 cm (65 inch) & QLED Ultra HD (4K) Smart TV,4.6,"₹2,22,900","₹1,29,990",41% off,"No Cost EMI from ₹5,417/month","3,960 Ratings & 615 Reviews"
41,iFFALCON by TCL - 138.6 cm (55 inch) & Ultra HD (4K) LED Smart Android TV,4.3,"₹1,06,990","₹36,999",65% off,"Upto ₹11,000 Off on Exchange","4,902 Ratings & 759 Reviews"
42,TCL P615 - 126 cm (50 inch) & Ultra HD (4K) LED Smart TV,4.2,"₹62,990","₹33,999",46% off,"Upto ₹11,000 Off on Exchange",48 Ratings & 4 Reviews
44,SONY Bravia X7002G - 108 cm (43 inch) & Ultra HD (4K) LED Smart TV,4.5,"₹66,900","₹44,999",32% off,"No Cost EMI from ₹3,750/month","5,634 Ratings & 1,015 Reviews"
45,TOSHIBA U- 50 Series - 126 cm (50 inch) & Ultra HD (4K) LED Smart TV,4.3,"₹46,990","₹34,990",25% off,"No Cost EMI from ₹3,888/month","1,941 Ratings & 338 Reviews"
46,SONY BRAVIA - 80 cm (32 inch) & HD Ready LED Smart TV,4.5,"₹29,900","₹26,499",11% off,"No Cost EMI from ₹2,209/month","2,752 Ratings & 458 Reviews"
47,Vu Premium - 108 cm (43 inch) & Full HD LED Smart Android TV,4.3,"₹40,000","₹26,999",32% off,"Upto ₹11,000 Off on Exchange","32,213 Ratings & 4,476 Reviews"
48,KODAK 7X Pro - 139 cm (55 inch) & Ultra HD (4K) LED Smart Android TV,4.3,"₹39,990","₹34,999",12% off,"No Cost EMI from ₹3,889/month","1,943 Ratings & 495 Reviews"
49,SAMSUNG Crystal 4K Pro - 146 cm (58 inch) & Ultra HD (4K) LED Smart TV,4.3,"₹80,900","₹61,990",23% off,Bank Offer,"1,819 Ratings & 297 Reviews"
50,Thomson 9A Series - 102 cm (40 inch) & Full HD LED Smart Android TV,4.4,"₹21,499","₹20,499",4% off,"No Cost EMI from ₹3,417/month","44,601 Ratings & 11,128 Reviews"
51,iFFALCON by TCL - 79.97 cm (32 inch) & HD Ready LED Smart Android TV,4.2,"₹18,999","₹14,999",21% off,"Upto ₹11,000 Off on Exchange","25,008 Ratings & 3,580 Reviews"
52,Thomson OATHPRO Series - 108 cm (43 inch) & Ultra HD (4K) LED Smart Android TV,4.4,"₹37,999","₹29,999",21% off,"No Cost EMI from ₹5,000/month","18,089 Ratings & 5,323 Reviews"
54,LG - 108 cm (43 inch) & Ultra HD (4K) LED Smart TV,4.5,"₹59,990","₹44,990",25% off,"No Cost EMI from ₹2,500/month",36 Ratings & 10 Reviews
55,SONY BRAVIA X7400H - 138.8 cm 55 inch) & Ultra HD (4K) LED Smart Android TV,4.6,"₹94,900","₹69,999",26% off,"No Cost EMI from ₹3,889/month","1,846 Ratings & 399 Reviews"
57,Sansui - 127 cm (50 inch) & Ultra HD (4K) LED Smart Android TV,4.6,"₹45,190","₹36,999",18% off,"Upto ₹11,000 Off on Exchange",50 Ratings & 9 Reviews
58,Vu Premium - 108 cm (43 inch) & Ultra HD (4K) LED Smart Android TV,4.4,"₹39,999","₹32,999",17% off,"Upto ₹11,000 Off on Exchange","20,311 Ratings & 3,544 Reviews"
60,realme - 126 cm (50 inch) & Ultra HD (4K) LED Smart Android TV,4.2,"₹42,999","₹39,999",6% off,"Upto ₹11,000 Off on Exchange","5,781 Ratings & 762 Reviews"
61,SONY W- 800G Series - 123.2 cm (49 inch) & Full HD LED Smart Android TV,4.4,"₹69,900","₹49,999",28% off,"No Cost EMI from ₹2,778/month",109 Ratings & 19 Reviews
62,Mi 4C - 80 cm (32 inch) & HD Ready LED Smart Android TV,4.2,"₹19,999","₹16,999",15% off,Bank Offer,227 Ratings & 21 Reviews
63,OnePlus U1S - 126 cm (50 inch) & Ultra HD (4K) LED Smart Android TV,4.3,"₹49,999","₹46,999",6% off,Bank Offer,"2,506 Ratings & 355 Reviews"
64,Vu cinema TV - 126 cm (50 inch) & Ultra HD (4K) LED Smart Android TV,4.2,"₹60,000","₹40,999",31% off,"No Cost EMI from ₹6,834/month",110 Ratings & 22 Reviews
65,Thomson R9 - 80 cm (32 inch) & HD Ready LED TV,4.2,"₹14,990","₹12,999",13% off,"Upto ₹11,000 Off on Exchange","44,058 Ratings & 6,852 Reviews"
66,iFFALCON by TCL - 108 cm (43 inch) & Ultra HD (4K) LED Smart Android TV,4.3,"₹47,990","₹28,999",39% off,"Upto ₹11,000 Off on Exchange","10,194 Ratings & 1,490 Reviews"
67,Thomson OATHPRO Series - 126 cm (50 inch) & Ultra HD (4K) LED Smart Android TV,4.4,"₹40,999","₹35,999",12% off,"No Cost EMI from ₹6,000/month","18,089 Ratings & 5,323 Reviews"
68,TCL C715 Series - 164 cm (65 inch) & QLED Ultra HD (4K) Smart Android TV,4.4,"₹1,89,990","₹92,999",51% off,"Upto ₹11,000 Off on Exchange",211 Ratings & 34 Reviews
69,Sansui - 109 cm (43 inch) & Ultra HD (4K) LED Smart Android TV,4.1,"₹35,390","₹30,499",13% off,"Upto ₹11,000 Off on Exchange",32 Ratings & 3 Reviews
70,Vu Premium - 108 cm (43 inch) & Full HD LED Smart Android TV,4.3,"₹40,000","₹26,999",32% off,"Upto ₹11,000 Off on Exchange","32,213 Ratings & 4,476 Reviews"
72,LG - 139 cm (55 inch) & Ultra HD (4K) LED Smart TV,4.3,"₹79,990","₹54,990",31% off,"No Cost EMI from ₹3,055/month",471 Ratings & 74 Reviews
73,TCL P715 - 108 cm (43 inch) & Ultra HD (4K) LED Smart Android TV,4.3,"₹59,990","₹31,999",46% off,"Upto ₹11,000 Off on Exchange",423 Ratings & 31 Reviews
74,OnePlus Y Series - 100 cm (40 inch) & Full HD LED Smart Android TV,4.3,"₹27,999","₹26,499",5% off,Bank Offer,"36,694 Ratings & 3,420 Reviews"
75,SAMSUNG - 80 cm (32 inch) & HD Ready LED Smart TV,4.3,"₹19,900","₹18,290",8% off,"No Cost EMI from ₹1,017/month","38,266 Ratings & 3,592 Reviews"
76,iFFALCON by TCL - 126 cm (50 inch) & Ultra HD (4K) LED Smart Android TV,4.3,"₹58,990","₹33,999",42% off,"Upto ₹11,000 Off on Exchange","10,194 Ratings & 1,490 Reviews"
77,KODAK CA Series - 139 cm (55 inch) & Ultra HD (4K) LED Smart Android TV,4.4,"₹47,999","₹37,999",20% off,"No Cost EMI from ₹4,222/month","15,317 Ratings & 4,917 Reviews"
80,Nokia - 108 cm (43 inch) & Ultra HD (4K) LED Smart Android TV,4.3,"₹45,999","₹33,999",26% off,"Upto ₹11,000 Off on Exchange","5,309 Ratings & 890 Reviews"
81,Blaupunkt Cybersound - 126 cm (50 inch) & Ultra HD (4K) LED Smart Android TV,4.7,"₹47,999","₹36,999",22% off,"Upto ₹11,000 Off on Exchange",714 Ratings & 186 Reviews
82,MOTOROLA ZX - 80.5 cm (32 inch) & HD Ready LED Smart Android TV,4.3,"₹21,799","₹17,999",17% off,"Upto ₹11,000 Off on Exchange","21,976 Ratings & 3,473 Reviews"
83,SAMSUNG - 108 cm (43 inch) & Full HD LED Smart TV,4.4,"₹38,900","₹32,990",15% off,"No Cost EMI from ₹1,833/month","3,482 Ratings & 387 Reviews"
84,Blaupunkt Cybersound - 106 cm (42 inch) & Full HD LED Smart Android TV,4.4,"₹29,999","₹21,999",26% off,"Upto ₹11,000 Off on Exchange","1,497 Ratings & 357 Reviews"
85,Hisense A71F - 108 cm (43 inch) & Ultra HD (4K) LED Smart Android TV,4.3,"₹36,990","₹31,999",13% off,"No Cost EMI from ₹3,556/month","6,136 Ratings & 1,226 Reviews"
86,Nokia - 126 cm (50 inch) & Ultra HD (4K) LED Smart Android TV,4.3,"₹54,999","₹44,999",18% off,"Upto ₹11,000 Off on Exchange","8,605 Ratings & 1,583 Reviews"
87,iFFALCON by TCL - 79.97 cm (32 inch) & HD Ready LED Smart Android TV,4.2,"₹18,999","₹14,999",21% off,"Upto ₹11,000 Off on Exchange","25,008 Ratings & 3,580 Reviews"
88,Blaupunkt Cybersound - 108 cm (43 inch) & Ultra HD (4K) LED Smart Android TV,4.7,"₹41,999","₹30,999",26% off,"Upto ₹11,000 Off on Exchange",714 Ratings & 186 Reviews
89,OnePlus U1S - 164 cm (65 inch) & Ultra HD (4K) LED Smart Android TV,4.3,"₹69,999","₹68,999",1% off,Bank Offer,"2,506 Ratings & 355 Reviews"
90,PHILIPS 6- 800 Series - 108 cm (43 inch) & Full HD LED Smart TV,4,"₹35,990","₹28,999",19% off,"Upto ₹11,000 Off on Exchange",76 Ratings & 10 Reviews
92,TCL S6- 500 Series - 108 cm (43 inch) & Full HD LED Smart Android TV,4.2,"₹47,990","₹27,499",42% off,"Upto ₹11,000 Off on Exchange",143 Ratings & 7 Reviews
93,Hisense A73F - 139 cm (55 inch) & Ultra HD (4K) LED Smart Android TV,4.6,"₹59,990","₹49,999",16% off,"No Cost EMI from ₹4,167/month","1,405 Ratings & 344 Reviews"
94,Blaupunkt Cybersound - 139 cm (55 inch) & Ultra HD (4K) LED Smart Android TV,4.7,"₹55,999","₹40,999",26% off,"Upto ₹11,000 Off on Exchange",714 Ratings & 186 Reviews
95,SAMSUNG The Frame 2020 Series - 163 cm (65 inch) & QLED Ultra HD (4K) Smart TV,4.6,"₹2,22,900","₹1,29,990",41% off,"No Cost EMI from ₹5,417/month","3,960 Ratings & 615 Reviews"
96,Micromax Smart LED TV - 98 cm (38.5 inch) & HD Ready LED Smart TV,2.8,"₹24,990","₹19,999",19% off,"Upto ₹11,000 Off on Exchange",5 Ratings & 1 Reviews
97,SONY - 123 cm (49 inch) & Ultra HD (4K) LED Smart Android TV,4.3,"₹89,900","₹75,099",16% off,"Upto ₹11,000 Off on Exchange",65 Ratings & 12 Reviews
98,Micromax Smart LED TV - 109 cm (43 inch) & Full HD LED Smart TV,2.5,"₹26,990","₹23,999",11% off,"Upto ₹11,000 Off on Exchange",4 Ratings & 0 Reviews
99,SAMSUNG - 80 cm (32 inch) & HD Ready LED Smart TV,4.3,"₹19,900","₹18,290",8% off,"No Cost EMI from ₹1,017/month","38,266 Ratings & 3,592 Reviews"
102,SAMSUNG - 163 cm (65 inch) & Ultra HD (4K) LED Smart TV,4.5,"₹1,29,900","₹89,999",30% off,"No Cost EMI from ₹3,750/month","6,783 Ratings & 1,023 Reviews"
103,SAMSUNG - 108 cm (43 inch) & Full HD LED Smart TV,4.4,"₹38,900","₹32,990",15% off,"No Cost EMI from ₹1,833/month","3,482 Ratings & 387 Reviews"
105,MOTOROLA ZX Pro - 139 cm (55 inch) & Ultra HD (4K) LED Smart Android TV,4.3,"₹61,999","₹52,999",14% off,"No Cost EMI from ₹5,889/month","10,156 Ratings & 1,608 Reviews"
107,iFFALCON by TCL - 79.97 cm (32 inch) & HD Ready LED Smart Android TV,4.2,"₹18,999","₹14,999",21% off,"Upto ₹11,000 Off on Exchange","25,008 Ratings & 3,580 Reviews"
-108,SAMSUNG Crystal 4K Pro - 125 cm (50 inch) & Ultra HD (4K) LED Smart TV,4.3,"₹71,400","₹54,990",22% off,Bank Offer,"1,819 Ratings & 297 Reviews"
109,Thomson OATHPRO Series - 164 cm (65 inch) & Ultra HD (4K) LED Smart Android TV,4.4,"₹70,499","₹56,999",19% off,"No Cost EMI from ₹6,334/month","18,089 Ratings & 5,323 Reviews"
110,Hisense A73F Series - 126 cm (50 inch) & Ultra HD (4K) LED Smart Android TV,4.6,"₹59,990","₹44,999",24% off,"No Cost EMI from ₹5,000/month","1,405 Ratings & 344 Reviews"
111,SAMSUNG The Frame 2020 Series - 163 cm (65 inch) & QLED Ultra HD (4K) Smart TV,4.6,"₹2,22,900","₹1,29,990",41% off,"No Cost EMI from ₹5,417/month","3,960 Ratings & 615 Reviews"
117,TCL P615 - 139 cm (55 inch) & Ultra HD (4K) LED Smart Android TV with Dolby Audio,4.2,"₹75,990","₹40,999",46% off,"Upto ₹11,000 Off on Exchange",48 Ratings & 4 Reviews
119,Vu Premium - 108 cm (43 inch) & Full HD LED Smart Android TV,4.3,"₹40,000","₹26,999",32% off,"Upto ₹11,000 Off on Exchange","32,213 Ratings & 4,476 Reviews"
121,MOTOROLA Revou - 108 cm (43 inch) & Ultra HD (4K) LED Smart Android TV,4.4,"₹35,999","₹35,499",1% off,"Upto ₹11,000 Off on Exchange","4,907 Ratings & 887 Reviews"
122,SONY W- 800G Series - 108 cm (43 inch) & Full HD LED Smart Android TV,4.7,"₹52,900","₹46,799",11% off,"No Cost EMI from ₹3,900/month",65 Ratings & 17 Reviews
123,SAMSUNG - 80 cm (32 inch) & HD Ready LED Smart TV,4.3,"₹19,900","₹18,290",8% off,"No Cost EMI from ₹1,017/month","38,266 Ratings & 3,592 Reviews"
124,LG - 126 cm (50 inch) & Ultra HD (4K) LED Smart TV,4.3,"₹64,990","₹50,990",21% off,"No Cost EMI from ₹2,833/month",471 Ratings & 74 Reviews
125,Vu cinema TV - 108 cm (43 inch) & Ultra HD (4K) LED Smart Android TV,4.3,"₹36,000","₹32,999",8% off,"Upto ₹11,000 Off on Exchange",303 Ratings & 49 Reviews
-126,OnePlus U1S - 139 cm (55 inch) & Ultra HD (4K) LED Smart Android TV,4.3,"₹59,999","₹52,999",11% off,Bank Offer,"2,506 Ratings & 355 Reviews"
127,SAMSUNG - 108 cm (43 inch) & Full HD LED Smart TV,4.4,"₹38,900","₹32,990",15% off,"No Cost EMI from ₹1,833/month","3,482 Ratings & 387 Reviews"
128,LG UHD - 164 cm (65 inch) & Ultra HD (4K) LED Smart TV,4.4,"₹1,39,990","₹79,990",42% off,"No Cost EMI from ₹4,444/month","12,522 Ratings & 1,429 Reviews"
130,MOTOROLA ZX2 - 80 cm (32 inch) & HD Ready LED Smart Android TV,4.4,"₹21,999","₹21,499",2% off,"Upto ₹11,000 Off on Exchange","15,143 Ratings & 2,643 Reviews"
131,iFFALCON by TCL - 79.97 cm (32 inch) & HD Ready LED Smart Android TV,4.2,"₹18,999","₹14,999",21% off,"Upto ₹11,000 Off on Exchange","25,008 Ratings & 3,580 Reviews"
132,TCL C715 Series - 126 cm (50 inch) & QLED Ultra HD (4K) Smart Android TV,4.4,"₹1,09,990","₹47,999",56% off,"Upto ₹11,000 Off on Exchange",211 Ratings & 34 Reviews
134,MOTOROLA ZX Pro - 127 cm (50 inch) & Ultra HD (4K) LED Smart Android TV,4.3,"₹54,999","₹46,999",14% off,"Upto ₹11,000 Off on Exchange","10,156 Ratings & 1,608 Reviews"
135,SAMSUNG The Frame 2020 Series - 163 cm (65 inch) & QLED Ultra HD (4K) Smart TV,4.6,"₹2,22,900","₹1,29,990",41% off,"No Cost EMI from ₹5,417/month","3,960 Ratings & 615 Reviews"
136,Nokia - 80 cm (32 inch) & HD Ready LED Smart Android TV,4.3,"₹19,999","₹18,999",5% off,"Upto ₹11,000 Off on Exchange","14,463 Ratings & 2,543 Reviews"
137,Thomson 9R Series - 139 cm (55 inch) & Ultra HD (4K) LED Smart Android TV,4.3,"₹46,999","₹37,999",19% off,"No Cost EMI from ₹4,222/month","5,785 Ratings & 1,682 Reviews"
-138,SAMSUNG Crystal 4K Pro - 138 cm (55 inch) & Ultra HD (4K) LED Smart TV,4.3,"₹76,900","₹57,990",24% off,Bank Offer,"1,819 Ratings & 297 Reviews"
140,TOSHIBA U- 50 Series - 108 cm (43 inch) & Ultra HD (4K) LED Smart TV,4.3,"₹39,990","₹29,999",24% off,"No Cost EMI from ₹3,334/month","1,941 Ratings & 338 Reviews"
141,Hisense A71F - 139 cm (55 inch) & Ultra HD (4K) LED Smart Android TV,4.3,"₹49,990","₹42,999",13% off,"No Cost EMI from ₹4,778/month","6,136 Ratings & 1,226 Reviews"
143,Vu Premium - 108 cm (43 inch) & Full HD LED Smart Android TV,4.3,"₹40,000","₹26,999",32% off,"Upto ₹11,000 Off on Exchange","32,213 Ratings & 4,476 Reviews"
144,SAMSUNG The Serif Series - 138 cm (55 inch) & QLED Ultra HD (4K) Smart TV,4.8,"₹1,63,900","₹92,990",43% off,"No Cost EMI from ₹3,875/month",13 Ratings & 0 Reviews
146,SONY X74 Bravia - 125.7 cms (50 inch) & Ultra HD (4K) LED Smart Android TV,4.7,"₹84,900","₹70,999",16% off,"No Cost EMI from ₹3,945/month",146 Ratings & 38 Reviews
147,SAMSUNG - 80 cm (32 inch) & HD Ready LED Smart TV,4.3,"₹19,900","₹18,290",8% off,"No Cost EMI from ₹1,017/month","38,266 Ratings & 3,592 Reviews"
148,SAMSUNG Crystal 4K - 125 cm (50 inch) & Ultra HD (4K) LED Smart TV,4.3,"₹68,400","₹51,990",23% off,Bank Offer,"1,729 Ratings & 235 Reviews"
149,Thomson OATHPRO Series - 139 cm (55 inch) & Ultra HD (4K) LED Smart Android TV,4.4,"₹49,999","₹39,999",20% off,"No Cost EMI from ₹4,445/month","18,089 Ratings & 5,323 Reviews"
150,SAMSUNG Crystal 4K - 138 cm (55 inch) & Ultra HD (4K) LED Smart TV,4.3,"₹69,900","₹55,990",19% off,Bank Offer,"1,729 Ratings & 235 Reviews"
151,SAMSUNG - 108 cm (43 inch) & Full HD LED Smart TV,4.4,"₹38,900","₹32,990",15% off,"No Cost EMI from ₹1,833/month","3,482 Ratings & 387 Reviews"
153,iFFALCON - 138.6 cm (55 inch) & QLED Ultra HD (4K) Smart Android TV,4.3,"₹1,26,990","₹47,999",62% off,"Upto ₹11,000 Off on Exchange",491 Ratings & 96 Reviews
154,Compaq ER Series - 108 cm (43 inch) & Full HD LED Smart Android TV,4.2,"₹29,999","₹23,999",20% off,"Upto ₹11,000 Off on Exchange",180 Ratings & 47 Reviews
156,Panasonic - 100 cm (40 inch) & Full HD LED Smart Android TV,4.3,"₹34,990","₹32,499",7% off,"Upto ₹11,000 Off on Exchange","8,253 Ratings & 1,163 Reviews"
158,SONY X7002G - 123 cm (49 inch) & Ultra HD (4K) LED Smart TV,4.5,"₹84,900","₹60,490",28% off,"No Cost EMI from ₹3,361/month","5,634 Ratings & 1,015 Reviews"
159,iFFALCON by TCL - 79.97 cm (32 inch) & HD Ready LED Smart Android TV,4.2,"₹18,999","₹14,999",21% off,"Upto ₹11,000 Off on Exchange","25,008 Ratings & 3,580 Reviews"
163,SAMSUNG The Frame 2020 Series - 163 cm (65 inch) & QLED Ultra HD (4K) Smart TV,4.6,"₹2,22,900","₹1,29,990",41% off,"No Cost EMI from ₹5,417/month","3,960 Ratings & 615 Reviews"
164,PHILIPS 6- 600 Series - 146 cm (58 inch) & Ultra HD (4K) LED Smart TV,4.2,"₹1,19,990","₹47,999",59% off,"Upto ₹11,000 Off on Exchange",729 Ratings & 92 Reviews
165,realme SLED - 139 cm (55 inch) & Ultra HD (4K) LED Smart Android TV,4.3,"₹69,999","₹46,999",32% off,"Upto ₹11,000 Off on Exchange","1,777 Ratings & 266 Reviews"
166,KODAK 7X Pro - 108 cm (43 inch) & Ultra HD (4K) LED Smart Android TV,4.3,"₹28,999","₹26,999",6% off,"No Cost EMI from ₹4,500/month","1,943 Ratings & 495 Reviews"
168,SAMSUNG The Serif Series - 108 cm (43 inch) & QLED Ultra HD (4K) Smart TV,4.8,"₹94,900","₹64,990",31% off,"No Cost EMI from ₹2,708/month",13 Ratings & 0 Reviews
170,iFFALCON by TCL - 164 cm (65 inch) & Ultra HD (4K) LED Smart Android TV,4.3,"₹1,06,990","₹58,999",44% off,"Upto ₹11,000 Off on Exchange","10,194 Ratings & 1,490 Reviews"
171,SAMSUNG - 80 cm (32 inch) & HD Ready LED Smart TV,4.3,"₹19,900","₹18,290",8% off,"No Cost EMI from ₹1,017/month","38,266 Ratings & 3,592 Reviews"
172,SAMSUNG - 108 cm (43 inch) & Ultra HD (4K) LED Smart TV,4.3,"₹48,900","₹38,999",20% off,"Upto ₹11,000 Off on Exchange",444 Ratings & 48 Reviews
173,Vu Masterpiece - 215 cm (85 inch) & QLED Ultra HD (4K) Smart Android TV,4.3,"₹3,50,000","₹2,79,999",20% off,"Upto ₹11,000 Off on Exchange",13 Ratings & 3 Reviews
174,MOTOROLA ZX - 164 cm (65 inch) & Ultra HD (4K) LED Smart Android TV,4.3,"₹1,15,399","₹62,999",45% off,"No Cost EMI from ₹7,000/month","19,787 Ratings & 3,338 Reviews"
175,SAMSUNG - 108 cm (43 inch) & Full HD LED Smart TV,4.4,"₹38,900","₹32,990",15% off,"No Cost EMI from ₹1,833/month","3,482 Ratings & 387 Reviews"
176,iFFALCON by TCL - 100.3 cm (40 inch) & Full HD LED Smart Android TV,4.3,"₹36,990","₹22,999",37% off,"Upto ₹11,000 Off on Exchange","14,326 Ratings & 2,327 Reviews"
177,TCL C715 Series - 139 cm (55 inch) & QLED Ultra HD (4K) Smart Android TV,4.4,"₹1,29,990","₹52,999",59% off,"Upto ₹11,000 Off on Exchange",211 Ratings & 34 Reviews
178,Coocaa - 138 cm (55 inch) & Ultra HD (4K) LED Smart Android TV with 10.0 Q,4.3,"₹73,990","₹40,499",45% off,"Upto ₹11,000 Off on Exchange","1,520 Ratings & 345 Reviews"
179,iFFALCON by TCL - 79.97 cm (32 inch) & HD Ready LED Smart Android TV,4.2,"₹18,999","₹14,999",21% off,"Upto ₹11,000 Off on Exchange","25,008 Ratings & 3,580 Reviews"
183,SAMSUNG The Frame 2020 Series - 163 cm (65 inch) & QLED Ultra HD (4K) Smart TV,4.6,"₹2,22,900","₹1,29,990",41% off,"No Cost EMI from ₹5,417/month","3,960 Ratings & 615 Reviews"
184,SAMSUNG The Frame 2021 Series - 108 cm (43 inch) & QLED Ultra HD (4K) Smart TV,4.3,"₹89,900","₹63,990",28% off,Bank Offer,245 Ratings & 56 Reviews
185,Hisense A71F - 146 cm (58 inch) & Ultra HD (4K) LED Smart Android TV,4.3,"₹50,990","₹44,999",11% off,"No Cost EMI from ₹5,000/month","6,136 Ratings & 1,226 Reviews"
186,KODAK CA Series - 126 cm (50 inch) & Ultra HD (4K) LED Smart Android TV,4.4,"₹42,999","₹34,999",18% off,"No Cost EMI from ₹5,833/month","15,317 Ratings & 4,917 Reviews"
189,Lloyd Clara - 163 cm (65 inch) & Ultra HD (4K) LED Smart TV,4.8,"₹1,53,990","₹74,999",51% off,"Upto ₹11,000 Off on Exchange",6 Ratings & 1 Reviews
190,Infinix X1 - 80 cm (32 inch) & HD Ready LED Smart Android TV,4.2,"₹17,999","₹15,999",11% off,"Upto ₹11,000 Off on Exchange","6,794 Ratings & 1,080 Reviews"
191,Vu Premium - 108 cm (43 inch) & Full HD LED Smart Android TV,4.3,"₹40,000","₹26,999",32% off,"Upto ₹11,000 Off on Exchange","32,213 Ratings & 4,476 Reviews"
192,TCL P715 - 164 cm (65 inch) & Ultra HD (4K) LED Smart Android TV,4.3,"₹1,59,990","₹63,999",59% off,"Upto ₹11,000 Off on Exchange",423 Ratings & 31 Reviews
195,SAMSUNG - 80 cm (32 inch) & HD Ready LED Smart TV,4.3,"₹19,900","₹18,290",8% off,"No Cost EMI from ₹1,017/month","38,266 Ratings & 3,592 Reviews"
196,Vu Premium - 164 cm (65 inch) & Ultra HD (4K) LED Smart Android TV,4.4,"₹75,000","₹62,999",16% off,"Upto ₹11,000 Off on Exchange","20,311 Ratings & 3,544 Reviews"
199,SAMSUNG - 108 cm (43 inch) & Full HD LED Smart TV,4.4,"₹38,900","₹32,990",15% off,"No Cost EMI from ₹1,833/month","3,482 Ratings & 387 Reviews"
202,OnePlus U Series - 138.8 cm (55 inch) & Ultra HD (4K) LED Smart Android TV,4.3,"₹59,999","₹52,999",11% off,"Upto ₹11,000 Off on Exchange",257 Ratings & 27 Reviews
203,iFFALCON by TCL - 79.97 cm (32 inch) & HD Ready LED Smart Android TV,4.2,"₹18,999","₹14,999",21% off,"Upto ₹11,000 Off on Exchange","25,008 Ratings & 3,580 Reviews"
204,LG - 164 cm (65 inch) & Ultra HD (4K) LED Smart TV,4.3,"₹1,19,990","₹87,990",26% off,"No Cost EMI from ₹4,889/month",471 Ratings & 74 Reviews
206,Sansui - 140 cm (55 inch) & Ultra HD (4K) LED Smart Android TV,4.4,"₹53,290","₹42,999",19% off,"Upto ₹11,000 Off on Exchange",16 Ratings & 5 Reviews
207,SAMSUNG The Frame 2020 Series - 163 cm (65 inch) & QLED Ultra HD (4K) Smart TV,4.6,"₹2,22,900","₹1,29,990",41% off,"No Cost EMI from ₹5,417/month","3,960 Ratings & 615 Reviews"
208,LG - 164 cm (65 inch) & Ultra HD (4K) LED Smart TV,4.4,"₹3,49,990","₹1,99,999",42% off,"Upto ₹11,000 Off on Exchange",59 Ratings & 14 Reviews
210,SONY Bravia A8F - 163.9 cm (65 inch) & OLED Ultra HD (4K) Smart Android TV,4.3,"₹4,49,900","₹2,59,999",42% off,"No Cost EMI from ₹14,445/month",6 Ratings & 1 Reviews
212,SONY Bravia A8G - 138.8 cm (55 inch) & OLED Ultra HD (4K) Smart TV,3.9,"₹2,49,900","₹1,58,099",36% off,"No Cost EMI from ₹8,784/month",10 Ratings & 3 Reviews
217,TCL P2MUS - 138.7 cm (55 inch) & Ultra HD (4K) LED Smart Android TV,3.9,"₹79,990","₹47,499",40% off,"Upto ₹11,000 Off on Exchange",29 Ratings & 9 Reviews
218,MOTOROLA ZX - 139 cm (55 inch) & Ultra HD (4K) LED Smart Android TV,4.3,"₹61,600","₹40,999",33% off,"No Cost EMI from ₹4,556/month","19,787 Ratings & 3,338 Reviews"
219,SAMSUNG - 80 cm (32 inch) & HD Ready LED Smart TV,4.3,"₹19,900","₹18,290",8% off,"No Cost EMI from ₹1,017/month","38,266 Ratings & 3,592 Reviews"
220,iFFALCON V2A - 163.83 cm (65 inch) & QLED Ultra HD (4K) Smart Android TV,4.3,"₹2,29,990","₹84,999",63% off,"Upto ₹11,000 Off on Exchange",117 Ratings & 34 Reviews
223,SAMSUNG - 108 cm (43 inch) & Full HD LED Smart TV,4.4,"₹38,900","₹32,990",15% off,"No Cost EMI from ₹1,833/month","3,482 Ratings & 387 Reviews"
225,SONY Bravia A8F - 138.8 cm (55 inch) & OLED Ultra HD (4K) Smart Android TV,4.7,"₹3,29,900","₹1,64,999",49% off,"No Cost EMI from ₹9,167/month",18 Ratings & 2 Reviews
228,SONY - 163.9 cm (65 inch) & Ultra HD (4K) LED Smart Android TV,4.9,"₹2,24,900","₹1,79,999",19% off,"Upto ₹11,000 Off on Exchange",7 Ratings & 1 Reviews
231,iFFALCON by TCL - 79.97 cm (32 inch) & HD Ready LED Smart Android TV,4.2,"₹18,999","₹14,999",21% off,"Upto ₹11,000 Off on Exchange","25,008 Ratings & 3,580 Reviews"
232,LG Nanocell - 164 cm (65 inch) & Ultra HD (4K) LED Smart TV,5,"₹2,29,900","₹1,29,999",43% off,"No Cost EMI from ₹7,223/month",5 Ratings & 0 Reviews
233,SONY Bravia X8- 500F - 189.3 cm (75 inch) & Ultra HD (4K) LED Smart Android TV,3.7,"₹4,99,900","₹2,59,999",47% off,"No Cost EMI from ₹14,445/month",3 Ratings & 0 Reviews
235,SAMSUNG The Frame 2020 Series - 163 cm (65 inch) & QLED Ultra HD (4K) Smart TV,4.6,"₹2,22,900","₹1,29,990",41% off,"No Cost EMI from ₹5,417/month","3,960 Ratings & 615 Reviews"
236,PHILIPS 8200 Series - 126 cm (50 inch) & Ultra HD (4K) LED Smart Android TV,3.9,"₹79,990","₹46,999",41% off,"Upto ₹11,000 Off on Exchange",52 Ratings & 8 Reviews
237,MOTOROLA ZX - 127 cm (50 inch) & Ultra HD (4K) LED Smart Android TV,4.3,"₹54,050","₹37,999",29% off,"Upto ₹11,000 Off on Exchange","19,787 Ratings & 3,338 Reviews"
238,iFFALCON by TCL - 79.97 cm (32 inch) & HD Ready LED TV,4.2,"₹18,990","₹11,999",36% off,"Upto ₹11,000 Off on Exchange","1,176 Ratings & 112 Reviews"
241,SAMSUNG The Frame 2021 Series - 125 cm (50 inch) & QLED Ultra HD (4K) Smart TV,4.3,"₹1,19,900","₹77,990",34% off,Bank Offer,245 Ratings & 56 Reviews
243,SAMSUNG - 80 cm (32 inch) & HD Ready LED Smart TV,4.3,"₹19,900","₹18,290",8% off,"No Cost EMI from ₹1,017/month","38,266 Ratings & 3,592 Reviews"
244,LG Nanocell - 164 cm (65 inch) & Ultra HD (4K) LED Smart TV,4.7,"₹2,64,990","₹1,64,999",37% off,"No Cost EMI from ₹9,167/month",3 Ratings & 0 Reviews
247,SAMSUNG - 108 cm (43 inch) & Full HD LED Smart TV,4.4,"₹38,900","₹32,990",15% off,"No Cost EMI from ₹1,833/month","3,482 Ratings & 387 Reviews"
255,SAMSUNG The Frame 2020 Series - 163 cm (65 inch) & QLED Ultra HD (4K) Smart TV,4.6,"₹2,22,900","₹1,29,990",41% off,"No Cost EMI from ₹5,417/month","3,960 Ratings & 615 Reviews"
257,LG Nanocell - 139 cm (55 inch) & Ultra HD (4K) LED Smart TV,4.5,"₹1,66,990","₹84,999",49% off,"No Cost EMI from ₹4,723/month",107 Ratings & 16 Reviews
264,Micromax - 102 cm (40 inch) & Full HD LED TV,4.3,"₹39,990","₹13,999",64% off,"Upto ₹11,000 Off on Exchange","3,524 Ratings & 437 Reviews"
265,LG Nanocell - 123 cm (49 inch) & Ultra HD (4K) LED Smart TV,4.5,"₹99,990","₹64,999",34% off,"No Cost EMI from ₹3,611/month",26 Ratings & 6 Reviews
266,LG C9 - 138 cm (55 inch) & OLED Ultra HD (4K) Smart TV,4.3,"₹2,29,990","₹1,49,999",34% off,"No Cost EMI from ₹8,334/month",13 Ratings & 0 Reviews
267,SAMSUNG - 80 cm (32 inch) & HD Ready LED Smart TV,4.3,"₹19,900","₹18,290",8% off,"No Cost EMI from ₹1,017/month","38,266 Ratings & 3,592 Reviews"
269,Micromax - 50 cm (19.5 inch) & HD Ready LED TV,4.1,"₹8,490","₹5,499",35% off,"Upto ₹4,750 Off on Exchange",100 Ratings & 13 Reviews
271,SAMSUNG - 108 cm (43 inch) & Full HD LED Smart TV,4.4,"₹38,900","₹32,990",15% off,"No Cost EMI from ₹1,833/month","3,482 Ratings & 387 Reviews"
272,LG - 164 cm (65 inch) & Ultra HD (4K) LED Smart TV,5,"₹2,19,990","₹1,49,999",31% off,"Upto ₹11,000 Off on Exchange",3 Ratings & 1 Reviews
274,SAMSUNG Crystal 4K - 163 cm (65 inch) & Ultra HD (4K) LED Smart TV,4.3,"₹1,16,900","₹87,990",24% off,Bank Offer,"1,729 Ratings & 235 Reviews"
275,iFFALCON by TCL - 79.97 cm (32 inch) & HD Ready LED Smart Android TV,4.2,"₹18,999","₹14,999",21% off,"Upto ₹11,000 Off on Exchange","25,008 Ratings & 3,580 Reviews"
276,SAMSUNG Super 6 - 125 cm (50 inch) & Ultra HD (4K) LED Smart TV,4.5,"₹94,900","₹46,999",50% off,"Upto ₹11,000 Off on Exchange","6,746 Ratings & 895 Reviews"
277,realme - 80 cm (32 inch) & Full HD LED Smart Android TV,4.1,"₹23,999","₹18,999",20% off,"Upto ₹11,000 Off on Exchange","2,018 Ratings & 346 Reviews"
279,SAMSUNG The Frame 2020 Series - 163 cm (65 inch) & QLED Ultra HD (4K) Smart TV,4.6,"₹2,22,900","₹1,29,990",41% off,"No Cost EMI from ₹5,417/month","3,960 Ratings & 615 Reviews"
282,SONY X7002F - 138.8 cm (55 inch) & Ultra HD (4K) LED Smart TV,4.5,"₹99,990","₹73,999",25% off,"No Cost EMI from ₹4,112/month",56 Ratings & 10 Reviews
285,SAMSUNG - 80 cm (32 inch) & HD Ready LED TV,4.4,"₹21,900","₹11,999",45% off,"Upto ₹11,000 Off on Exchange","20,735 Ratings & 2,275 Reviews"
286,LG All-in-One - 126 cm (50 inch) & Ultra HD (4K) LED Smart TV,4.4,"₹66,990","₹44,990",32% off,"No Cost EMI from ₹2,500/month","12,522 Ratings & 1,429 Reviews"
288,IGO By Onida - 102 cm (40 inch) & Full HD LED Smart TV,4.1,"₹29,990","₹17,999",39% off,"Upto ₹11,000 Off on Exchange",329 Ratings & 55 Reviews
289,LG Nanocell - 139 cm (55 inch) & Ultra HD (4K) LED Smart TV,4.8,"₹1,29,990","₹76,197",41% off,"No Cost EMI from ₹4,234/month",10 Ratings & 0 Reviews
291,SAMSUNG - 80 cm (32 inch) & HD Ready LED Smart TV,4.3,"₹19,900","₹18,290",8% off,"No Cost EMI from ₹1,017/month","38,266 Ratings & 3,592 Reviews"
292,SAMSUNG - 125 cm (50 inch) & Ultra HD (4K) LED Smart TV,4.4,"₹99,900","₹48,999",50% off,"Upto ₹11,000 Off on Exchange",195 Ratings & 27 Reviews
295,SAMSUNG - 108 cm (43 inch) & Full HD LED Smart TV,4.4,"₹38,900","₹32,990",15% off,"No Cost EMI from ₹1,833/month","3,482 Ratings & 387 Reviews"
297,iFFALCON by TCL - 163.8 cm (65 inch) & Ultra HD (4K) LED Smart Android TV,4,"₹1,09,990","₹52,499",52% off,"Upto ₹11,000 Off on Exchange",21 Ratings & 2 Reviews
298,Micromax - 50 cm (20 inch) & HD Ready LED TV,4.2,"₹8,490","₹5,499",35% off,"Upto ₹4,750 Off on Exchange","3,800 Ratings & 503 Reviews"
299,iFFALCON by TCL - 79.97 cm (32 inch) & HD Ready LED Smart Android TV,4.2,"₹18,999","₹14,999",21% off,"Upto ₹11,000 Off on Exchange","25,008 Ratings & 3,580 Reviews"
303,SAMSUNG The Frame 2020 Series - 163 cm (65 inch) & QLED Ultra HD (4K) Smart TV,4.6,"₹2,22,900","₹1,29,990",41% off,"No Cost EMI from ₹5,417/month","3,960 Ratings & 615 Reviews"
311,Vu Premium - 108 cm (43 inch) & Full HD LED Smart Android TV,4.3,"₹40,000","₹26,999",32% off,"Upto ₹11,000 Off on Exchange","32,213 Ratings & 4,476 Reviews"
314,SONY X8- 500G Series - 139 cm (55 inch) & Ultra HD (4K) LED Smart Android TV,4.8,"₹1,59,900","₹80,999",49% off,"No Cost EMI from ₹4,500/month",27 Ratings & 4 Reviews
315,SAMSUNG - 80 cm (32 inch) & HD Ready LED Smart TV,4.3,"₹19,900","₹18,290",8% off,"No Cost EMI from ₹1,017/month","38,266 Ratings & 3,592 Reviews"
319,SAMSUNG - 108 cm (43 inch) & Full HD LED Smart TV,4.4,"₹38,900","₹32,990",15% off,"No Cost EMI from ₹1,833/month","3,482 Ratings & 387 Reviews"
321,PHILIPS - 164 cm (65 inch) & Ultra HD (4K) LED Smart TV,4.6,"₹1,99,990","₹79,999",59% off,"Upto ₹11,000 Off on Exchange",8 Ratings & 0 Reviews
323,iFFALCON by TCL - 79.97 cm (32 inch) & HD Ready LED Smart Android TV,4.2,"₹18,999","₹14,999",21% off,"Upto ₹11,000 Off on Exchange","25,008 Ratings & 3,580 Reviews"
325,SAMSUNG - 123 cm (49 inch) & Full HD LED Smart TV,4.5,"₹74,900","₹37,999",49% off,"Upto ₹11,000 Off on Exchange",795 Ratings & 97 Reviews
327,SAMSUNG The Frame 2020 Series - 163 cm (65 inch) & QLED Ultra HD (4K) Smart TV,4.6,"₹2,22,900","₹1,29,990",41% off,"No Cost EMI from ₹5,417/month","3,960 Ratings & 615 Reviews"
329,Micromax - 109 cm (43 inch) & Ultra HD (4K) LED Smart Android TV,4.3,"₹43,990","₹26,499",39% off,"Upto ₹11,000 Off on Exchange",270 Ratings & 48 Reviews
334,Hisense A71F Series - 177 cm (70 inch) & Ultra HD (4K) LED Smart Android TV,4.3,"₹1,19,990","₹94,999",20% off,"No Cost EMI from ₹7,917/month","6,136 Ratings & 1,226 Reviews"
336,LG - 123 cm (49 inch) & Ultra HD (4K) LED Smart TV,4.5,"₹68,990","₹30,876",55% off,"No Cost EMI from ₹1,716/month","6,161 Ratings & 948 Reviews"
339,SAMSUNG - 80 cm (32 inch) & HD Ready LED Smart TV,4.3,"₹19,900","₹18,290",8% off,"No Cost EMI from ₹1,017/month","38,266 Ratings & 3,592 Reviews"
340,SAMSUNG Series 7 - 123 cm (49 inch) & Ultra HD (4K) LED Smart TV,4.5,"₹99,900","₹64,499",35% off,"Upto ₹11,000 Off on Exchange",59 Ratings & 3 Reviews
342,SONY Bravia X7- 500F - 138.8 cm (55 inch) & Ultra HD (4K) LED Smart Android TV,4.6,"₹1,44,900","₹61,999",57% off,"No Cost EMI from ₹3,445/month",174 Ratings & 19 Reviews
343,SAMSUNG - 108 cm (43 inch) & Full HD LED Smart TV,4.4,"₹38,900","₹32,990",15% off,"No Cost EMI from ₹1,833/month","3,482 Ratings & 387 Reviews"
344,Micromax - 81 cm (32 inch) & HD Ready LED Smart Android TV,4.2,"₹27,990","₹10,999",60% off,"Upto ₹9,000 Off on Exchange","6,859 Ratings & 850 Reviews"
347,iFFALCON by TCL - 79.97 cm (32 inch) & HD Ready LED Smart Android TV,4.2,"₹18,999","₹14,999",21% off,"Upto ₹11,000 Off on Exchange","25,008 Ratings & 3,580 Reviews"
348,LG - 108 Cm (43 inch) & Full HD LED TV,4.3,"₹35,990","₹25,999",27% off,"No Cost EMI from ₹2,167/month",171 Ratings & 12 Reviews
350,CloudWalker Cloud TV - 100 cm (39.37 inch) & Full HD LED Smart TV,4.1,"₹31,990","₹18,999",40% off,"Upto ₹11,000 Off on Exchange",725 Ratings & 217 Reviews
351,SAMSUNG The Frame 2020 Series - 163 cm (65 inch) & QLED Ultra HD (4K) Smart TV,4.6,"₹2,22,900","₹1,29,990",41% off,"No Cost EMI from ₹5,417/month","3,960 Ratings & 615 Reviews"
354,LG - 126 cm (50 inch) & Ultra HD (4K) LED Smart TV,4.6,"₹89,990","₹59,999",33% off,"Upto ₹11,000 Off on Exchange",168 Ratings & 25 Reviews
356,Micromax - 55 cm (22 inch) & HD Ready LED TV,4.2,"₹8,549","₹7,999",6% off,"Upto ₹6,000 Off on Exchange",188 Ratings & 18 Reviews
357,SONY Bravia X9- 500G - 138.8 cm (55 inch) & Ultra HD (4K) LED Smart Android TV,4.5,"₹1,99,900","₹1,07,999",45% off,"No Cost EMI from ₹6,000/month",32 Ratings & 7 Reviews
360,SAMSUNG Series 5 - 108 cm (43 inch) & Full HD LED TV,4.4,"₹53,900","₹39,699",26% off,"Upto ₹11,000 Off on Exchange",55 Ratings & 7 Reviews
361,Sanyo 4K UHD - 139 cm (55 inch) & Ultra HD (4K) LED Smart TV,4.5,"₹76,990","₹50,999",33% off,"Upto ₹11,000 Off on Exchange",68 Ratings & 20 Reviews
362,Micromax - 60 cm (24 inch) & HD Ready LED TV,4.3,"₹11,990","₹7,999",33% off,"Upto ₹6,000 Off on Exchange",419 Ratings & 43 Reviews
363,SAMSUNG - 80 cm (32 inch) & HD Ready LED Smart TV,4.3,"₹19,900","₹18,290",8% off,"No Cost EMI from ₹1,017/month","38,266 Ratings & 3,592 Reviews"
367,SAMSUNG - 108 cm (43 inch) & Full HD LED Smart TV,4.4,"₹38,900","₹32,990",15% off,"No Cost EMI from ₹1,833/month","3,482 Ratings & 387 Reviews"
370,TOSHIBA - 108 cm (43 inch) & Full HD LED Smart TV,4.3,"₹26,990","₹22,499",16% off,"Upto ₹11,000 Off on Exchange",101 Ratings & 16 Reviews
371,iFFALCON by TCL - 79.97 cm (32 inch) & HD Ready LED Smart Android TV,4.2,"₹18,999","₹14,999",21% off,"Upto ₹11,000 Off on Exchange","25,008 Ratings & 3,580 Reviews"
373,Panasonic - 109 cm (43 inch) & Full HD LED Smart TV,4.1,"₹56,900","₹50,666",10% off,"Upto ₹11,000 Off on Exchange",359 Ratings & 96 Reviews
374,Micromax Canvas - 81 cm (32 inch) & HD Ready LED Smart TV,4.2,"₹22,990","₹11,999",47% off,"Upto ₹11,000 Off on Exchange","3,788 Ratings & 607 Reviews"
375,SAMSUNG The Frame 2020 Series - 163 cm (65 inch) & QLED Ultra HD (4K) Smart TV,4.6,"₹2,22,900","₹1,29,990",41% off,"No Cost EMI from ₹5,417/month","3,960 Ratings & 615 Reviews"
382,Panasonic FX- 600 Series - 139 cm (55 inch) & Ultra HD (4K) LED Smart TV,4.2,"₹1,09,900","₹69,999",36% off,"Upto ₹11,000 Off on Exchange",13 Ratings & 2 Reviews
386,SAMSUNG Q70RAK - 138 cm (55 inch) & QLED Ultra HD (4K) Smart TV,4.6,"₹1,69,900","₹1,28,999",24% off,"Upto ₹11,000 Off on Exchange",12 Ratings & 0 Reviews
387,SAMSUNG - 80 cm (32 inch) & HD Ready LED Smart TV,4.3,"₹19,900","₹18,290",8% off,"No Cost EMI from ₹1,017/month","38,266 Ratings & 3,592 Reviews"
389,Micromax - 80 cm (32 inch) & HD Ready LED Smart Android TV,4.2,"₹27,990","₹14,999",46% off,"Upto ₹11,000 Off on Exchange",196 Ratings & 20 Reviews
391,SAMSUNG - 108 cm (43 inch) & Full HD LED Smart TV,4.4,"₹38,900","₹32,990",15% off,"No Cost EMI from ₹1,833/month","3,482 Ratings & 387 Reviews"
393,SAMSUNG - 163 cm (65 inch) & Ultra HD (4K) LED Smart TV,4.5,"₹1,49,900","₹89,999",39% off,"Upto ₹11,000 Off on Exchange",27 Ratings & 4 Reviews
397,SAMSUNG - 80 cm (32 inch) & HD Ready LED Smart TV,4.3,"₹20,900","₹19,740",5% off,"No Cost EMI from ₹1,097/month",782 Ratings & 85 Reviews
399,iFFALCON by TCL - 79.97 cm (32 inch) & HD Ready LED Smart Android TV,4.2,"₹18,999","₹14,999",21% off,"Upto ₹11,000 Off on Exchange","25,008 Ratings & 3,580 Reviews"
400,SONY - 163.9 cm (65 inch) & Ultra HD (4K) LED Smart Android TV,4.7,"₹2,44,900","₹1,49,999",38% off,"Upto ₹11,000 Off on Exchange",10 Ratings & 5 Reviews
401,Panasonic FX730 Series - 123 cm (49 inch) & Ultra HD (4K) LED Smart TV,4.2,"₹1,39,900","₹69,999",49% off,"Upto ₹11,000 Off on Exchange",25 Ratings & 7 Reviews
403,SAMSUNG The Frame 2020 Series - 163 cm (65 inch) & QLED Ultra HD (4K) Smart TV,4.6,"₹2,22,900","₹1,29,990",41% off,"No Cost EMI from ₹5,417/month","3,960 Ratings & 615 Reviews"
410,SONY Bravia W662F - 125.7 cm (50 inch) & Full HD LED Smart TV,4.5,"₹79,900","₹52,999",33% off,"No Cost EMI from ₹2,945/month",427 Ratings & 65 Reviews
411,SAMSUNG - 80 cm (32 inch) & HD Ready LED Smart TV,4.3,"₹19,900","₹18,290",8% off,"No Cost EMI from ₹1,017/month","38,266 Ratings & 3,592 Reviews"
414,Sanyo 4K UHD - 123 cm (49 inch) & Ultra HD (4K) LED Smart TV,3.9,"₹64,990","₹39,999",38% off,"Upto ₹11,000 Off on Exchange",77 Ratings & 21 Reviews
415,SAMSUNG - 108 cm (43 inch) & Full HD LED Smart TV,4.4,"₹38,900","₹32,990",15% off,"No Cost EMI from ₹1,833/month","3,482 Ratings & 387 Reviews"
416,SAMSUNG - 80 cm (32 inch) & HD Ready LED Smart TV,4.4,"₹20,900","₹19,740",5% off,"No Cost EMI from ₹1,097/month","19,401 Ratings & 2,489 Reviews"
419,iFFALCON by TCL - 79.97 cm (32 inch) & HD Ready LED Smart Android TV,4.2,"₹18,999","₹14,999",21% off,"Upto ₹11,000 Off on Exchange","25,008 Ratings & 3,580 Reviews"
421,LG - 139 cm (55 inch) & Ultra HD (4K) LED Smart TV,4.4,"₹1,77,990","₹1,24,999",29% off,"Upto ₹11,000 Off on Exchange",59 Ratings & 14 Reviews
423,SAMSUNG The Frame 2020 Series - 163 cm (65 inch) & QLED Ultra HD (4K) Smart TV,4.6,"₹2,22,900","₹1,29,990",41% off,"No Cost EMI from ₹5,417/month","3,960 Ratings & 615 Reviews"
424,Panasonic - 123.4 cm (49 inch) & Full HD LED Smart TV,4.2,"₹72,900","₹42,999",41% off,"Upto ₹11,000 Off on Exchange",320 Ratings & 73 Reviews
429,LG - 164 cm (65 inch) & OLED Ultra HD (4K) Smart TV,4.8,"₹4,09,990","₹2,49,999",39% off,"Upto ₹11,000 Off on Exchange",4 Ratings & 1 Reviews
430,LG Nanocell - 108 cm (43 inch) & Ultra HD (4K) LED Smart TV,4.7,"₹59,990","₹52,990",11% off,"No Cost EMI from ₹2,944/month",6 Ratings & 3 Reviews
431,Vu Premium - 108 cm (43 inch) & Full HD LED Smart Android TV,4.3,"₹40,000","₹26,999",32% off,"Upto ₹11,000 Off on Exchange","32,213 Ratings & 4,476 Reviews"
435,SAMSUNG - 80 cm (32 inch) & HD Ready LED Smart TV,4.3,"₹19,900","₹18,290",8% off,"No Cost EMI from ₹1,017/month","38,266 Ratings & 3,592 Reviews"
439,SAMSUNG - 108 cm (43 inch) & Full HD LED Smart TV,4.4,"₹38,900","₹32,990",15% off,"No Cost EMI from ₹1,833/month","3,482 Ratings & 387 Reviews"
443,iFFALCON by TCL - 79.97 cm (32 inch) & HD Ready LED Smart Android TV,4.2,"₹18,999","₹14,999",21% off,"Upto ₹11,000 Off on Exchange","25,008 Ratings & 3,580 Reviews"
447,SAMSUNG The Frame 2020 Series - 163 cm (65 inch) & QLED Ultra HD (4K) Smart TV,4.6,"₹2,22,900","₹1,29,990",41% off,"No Cost EMI from ₹5,417/month","3,960 Ratings & 615 Reviews"
448,Panasonic - 165 cm (65 inch) & Ultra HD (4K) LED Smart TV,3.7,"₹2,69,900","₹1,89,999",29% off,"Upto ₹11,000 Off on Exchange",6 Ratings & 1 Reviews
455,Vu Premium - 108 cm (43 inch) & Full HD LED Smart Android TV,4.3,"₹40,000","₹26,999",32% off,"Upto ₹11,000 Off on Exchange","32,213 Ratings & 4,476 Reviews"
456,Hisense A56E - 80 cm (32 inch) & HD Ready LED Smart Android TV,4.2,"₹17,990","₹16,999",5% off,"Upto ₹11,000 Off on Exchange","3,836 Ratings & 728 Reviews"
459,SAMSUNG - 80 cm (32 inch) & HD Ready LED Smart TV,4.3,"₹19,900","₹18,290",8% off,"No Cost EMI from ₹1,017/month","38,266 Ratings & 3,592 Reviews"
463,SAMSUNG - 108 cm (43 inch) & Full HD LED Smart TV,4.4,"₹38,900","₹32,990",15% off,"No Cost EMI from ₹1,833/month","3,482 Ratings & 387 Reviews"
464,SAMSUNG Q Series - 163 cm (65 inch) & QLED Ultra HD (4K) Smart TV,2.3,"₹3,99,900","₹3,41,900",14% off,"Upto ₹11,000 Off on Exchange",4 Ratings & 1 Reviews
467,iFFALCON by TCL - 79.97 cm (32 inch) & HD Ready LED Smart Android TV,4.2,"₹18,999","₹14,999",21% off,"Upto ₹11,000 Off on Exchange","25,008 Ratings & 3,580 Reviews"
471,SAMSUNG The Frame 2020 Series - 163 cm (65 inch) & QLED Ultra HD (4K) Smart TV,4.6,"₹2,22,900","₹1,29,990",41% off,"No Cost EMI from ₹5,417/month","3,960 Ratings & 615 Reviews"
474,TCL - 138.7 cm (55 inch) & Ultra HD (4K) LED Smart Android TV,4.3,"₹89,900","₹55,499",38% off,"Upto ₹11,000 Off on Exchange",106 Ratings & 28 Reviews
477,Panasonic - 108 cm (43 inch) & Full HD LED Smart TV,4.4,"₹59,900","₹53,999",9% off,"Upto ₹11,000 Off on Exchange",11 Ratings & 5 Reviews
478,LG Nanocell - 139 cm (55 inch) & Ultra HD (4K) LED Smart TV,4.7,"₹1,09,990","₹82,990",24% off,"No Cost EMI from ₹4,611/month",6 Ratings & 3 Reviews
